match_id,matchday,utc_date,status,home_team_id,home_team,away_team_id,away_team,home_score,away_score,home_halftime,away_halftime,winner,duration,stage,referees
537785,1,2025-08-15T19:00:00Z,FINISHED,64,Liverpool FC,1044,AFC Bournemouth,4,2,1,0,HOME_TEAM,REGULAR,REGULAR_SEASON,Anthony Taylor
537786,1,2025-08-16T11:30:00Z,FINISHED,58,Aston Villa FC,67,Newcastle United FC,0,0,0,0,DRAW,REGULAR,REGULAR_SEASON,Craig Pawson
537787,1,2025-08-16T14:00:00Z,FINISHED,397,Brighton & Hove Albion FC,63,Fulham FC,1,1,0,0,DRAW,REGULAR,REGULAR_SEASON,Sam Barrott
537789,1,2025-08-16T14:00:00Z,FINISHED,71,Sunderland AFC,563,West Ham United FC,3,0,0,0,HOME_TEAM,REGULAR,REGULAR_SEASON,Robert Jones
537790,1,2025-08-16T14:00:00Z,FINISHED,73,Tottenham Hotspur FC,328,Burnley FC,3,0,1,0,HOME_TEAM,REGULAR,REGULAR_SEASON,Michael Oliver
537791,1,2025-08-16T16:30:00Z,FINISHED,76,Wolverhampton Wanderers FC,65,Manchester City FC,0,4,0,2,AWAY_TEAM,REGULAR,REGULAR_SEASON,Jarred Gillett
537788,1,2025-08-17T13:00:00Z,FINISHED,351,Nottingham Forest FC,402,Brentford FC,3,1,3,0,HOME_TEAM,REGULAR,REGULAR_SEASON,Peter Bankes
537792,1,2025-08-17T13:00:00Z,FINISHED,61,Chelsea FC,354,Crystal Palace FC,0,0,0,0,DRAW,REGULAR,REGULAR_SEASON,Darren England
537793,1,2025-08-17T15:30:00Z,FINISHED,66,Manchester United FC,57,Arsenal FC,0,1,0,1,AWAY_TEAM,REGULAR,REGULAR_SEASON,Simon Hooper
537794,1,2025-08-18T19:00:00Z,FINISHED,341,Leeds United FC,62,Everton FC,1,0,0,0,HOME_TEAM,REGULAR,REGULAR_SEASON,Chris Kavanagh
537804,2,2025-08-22T19:00:00Z,FINISHED,563,West Ham United FC,61,Chelsea FC,1,5,1,3,AWAY_TEAM,REGULAR,REGULAR_SEASON,Michael Oliver
537802,2,2025-08-23T11:30:00Z,FINISHED,65,Manchester City FC,73,Tottenham Hotspur FC,0,2,0,2,AWAY_TEAM,REGULAR,REGULAR_SEASON,Peter Bankes
537795,2,2025-08-23T14:00:00Z,FINISHED,1044,AFC Bournemouth,76,Wolverhampton Wanderers FC,1,0,1,0,HOME_TEAM,REGULAR,REGULAR_SEASON,Thomas Bramall
537798,2,2025-08-23T14:00:00Z,FINISHED,402,Brentford FC,58,Aston Villa FC,1,0,1,0,HOME_TEAM,REGULAR,REGULAR_SEASON,Tony Harrington
537799,2,2025-08-23T14:00:00Z,FINISHED,328,Burnley FC,71,Sunderland AFC,2,0,0,0,HOME_TEAM,REGULAR,REGULAR_SEASON,Michael Salisbury
537797,2,2025-08-23T16:30:00Z,FINISHED,57,Arsenal FC,341,Leeds United FC,5,0,2,0,HOME_TEAM,REGULAR,REGULAR_SEASON,Jarred Gillett
537796,2,2025-08-24T13:00:00Z,FINISHED,354,Crystal Palace FC,351,Nottingham Forest FC,1,1,1,0,DRAW,REGULAR,REGULAR_SEASON,Anthony Taylor
537800,2,2025-08-24T13:00:00Z,FINISHED,62,Everton FC,397,Brighton & Hove Albion FC,2,0,1,0,HOME_TEAM,REGULAR,REGULAR_SEASON,Stuart Attwell
537801,2,2025-08-24T15:30:00Z,FINISHED,63,Fulham FC,66,Manchester United FC,1,1,0,0,DRAW,REGULAR,REGULAR_SEASON,Chris Kavanagh
537803,2,2025-08-25T19:00:00Z,FINISHED,67,Newcastle United FC,64,Liverpool FC,2,3,0,1,AWAY_TEAM,REGULAR,REGULAR_SEASON,Simon Hooper
537808,3,2025-08-30T11:30:00Z,FINISHED,61,Chelsea FC,63,Fulham FC,2,0,1,0,HOME_TEAM,REGULAR,REGULAR_SEASON,Robert Jones
537805,3,2025-08-30T14:00:00Z,FINISHED,71,Sunderland AFC,402,Brentford FC,2,1,0,0,HOME_TEAM,REGULAR,REGULAR_SEASON,Anthony Taylor
537811,3,2025-08-30T14:00:00Z,FINISHED,66,Manchester United FC,328,Burnley FC,3,2,1,0,HOME_TEAM,REGULAR,REGULAR_SEASON,Sam Barrott
537813,3,2025-08-30T14:00:00Z,FINISHED,73,Tottenham Hotspur FC,1044,AFC Bournemouth,0,1,0,1,AWAY_TEAM,REGULAR,REGULAR_SEASON,Simon Hooper
537814,3,2025-08-30T14:00:00Z,FINISHED,76,Wolverhampton Wanderers FC,62,Everton FC,2,3,1,2,AWAY_TEAM,REGULAR,REGULAR_SEASON,Michael Oliver
537810,3,2025-08-30T16:30:00Z,FINISHED,341,Leeds United FC,67,Newcastle United FC,0,0,0,0,DRAW,REGULAR,REGULAR_SEASON,Peter Bankes
537807,3,2025-08-31T13:00:00Z,FINISHED,397,Brighton & Hove Albion FC,65,Manchester City FC,2,1,0,1,HOME_TEAM,REGULAR,REGULAR_SEASON,Darren England
537812,3,2025-08-31T13:00:00Z,FINISHED,351,Nottingham Forest FC,563,West Ham United FC,0,3,0,0,AWAY_TEAM,REGULAR,REGULAR_SEASON,Craig Pawson
537809,3,2025-08-31T15:30:00Z,FINISHED,64,Liverpool FC,57,Arsenal FC,1,0,0,0,HOME_TEAM,REGULAR,REGULAR_SEASON,Chris Kavanagh
537806,3,2025-08-31T18:00:00Z,FINISHED,58,Aston Villa FC,354,Crystal Palace FC,0,3,0,1,AWAY_TEAM,REGULAR,REGULAR_SEASON,Stuart Attwell
537817,4,2025-09-13T11:30:00Z,FINISHED,57,Arsenal FC,351,Nottingham Forest FC,3,0,1,0,HOME_TEAM,REGULAR,REGULAR_SEASON,Darren England
537815,4,2025-09-13T14:00:00Z,FINISHED,1044,AFC Bournemouth,397,Brighton & Hove Albion FC,2,1,1,0,HOME_TEAM,REGULAR,REGULAR_SEASON,Peter Bankes
537816,4,2025-09-13T14:00:00Z,FINISHED,354,Crystal Palace FC,71,Sunderland AFC,0,0,0,0,DRAW,REGULAR,REGULAR_SEASON,Thomas Bramall
537820,4,2025-09-13T14:00:00Z,FINISHED,62,Everton FC,58,Aston Villa FC,0,0,0,0,DRAW,REGULAR,REGULAR_SEASON,Simon Hooper
537821,4,2025-09-13T14:00:00Z,FINISHED,63,Fulham FC,341,Leeds United FC,1,0,0,0,HOME_TEAM,REGULAR,REGULAR_SEASON,Craig Pawson
537823,4,2025-09-13T14:00:00Z,FINISHED,67,Newcastle United FC,76,Wolverhampton Wanderers FC,1,0,1,0,HOME_TEAM,REGULAR,REGULAR_SEASON,Chris Kavanagh
537824,4,2025-09-13T16:30:00Z,FINISHED,563,West Ham United FC,73,Tottenham Hotspur FC,0,3,0,0,AWAY_TEAM,REGULAR,REGULAR_SEASON,Jarred Gillett
537818,4,2025-09-13T19:00:00Z,FINISHED,402,Brentford FC,61,Chelsea FC,2,2,1,0,DRAW,REGULAR,REGULAR_SEASON,Stuart Attwell
537819,4,2025-09-14T13:00:00Z,FINISHED,328,Burnley FC,64,Liverpool FC,0,1,0,0,AWAY_TEAM,REGULAR,REGULAR_SEASON,Michael Oliver
537822,4,2025-09-14T15:30:00Z,FINISHED,65,Manchester City FC,66,Manchester United FC,3,0,1,0,HOME_TEAM,REGULAR,REGULAR_SEASON,Anthony Taylor
537831,5,2025-09-20T11:30:00Z,FINISHED,64,Liverpool FC,62,Everton FC,2,1,2,0,HOME_TEAM,REGULAR,REGULAR_SEASON,Darren England
537827,5,2025-09-20T14:00:00Z,FINISHED,397,Brighton & Hove Albion FC,73,Tottenham Hotspur FC,2,2,2,1,DRAW,REGULAR,REGULAR_SEASON,Chris Kavanagh
537829,5,2025-09-20T14:00:00Z,FINISHED,328,Burnley FC,351,Nottingham Forest FC,1,1,1,1,DRAW,REGULAR,REGULAR_SEASON,Thomas Bramall
537833,5,2025-09-20T14:00:00Z,FINISHED,563,West Ham United FC,354,Crystal Palace FC,1,2,0,1,AWAY_TEAM,REGULAR,REGULAR_SEASON,Tony Harrington
537834,5,2025-09-20T14:00:00Z,FINISHED,76,Wolverhampton Wanderers FC,341,Leeds United FC,1,3,1,3,AWAY_TEAM,REGULAR,REGULAR_SEASON,Anthony Taylor
537832,5,2025-09-20T16:30:00Z,FINISHED,66,Manchester United FC,61,Chelsea FC,2,1,2,0,HOME_TEAM,REGULAR,REGULAR_SEASON,Peter Bankes
537830,5,2025-09-20T19:00:00Z,FINISHED,63,Fulham FC,402,Brentford FC,3,1,2,1,HOME_TEAM,REGULAR,REGULAR_SEASON,Michael Oliver
537825,5,2025-09-21T13:00:00Z,FINISHED,1044,AFC Bournemouth,67,Newcastle United FC,0,0,0,0,DRAW,REGULAR,REGULAR_SEASON,Robert Jones
537826,5,2025-09-21T13:00:00Z,FINISHED,71,Sunderland AFC,58,Aston Villa FC,1,1,0,0,DRAW,REGULAR,REGULAR_SEASON,Sam Barrott
537828,5,2025-09-21T15:30:00Z,FINISHED,57,Arsenal FC,65,Manchester City FC,1,1,0,1,DRAW,REGULAR,REGULAR_SEASON,Stuart Attwell
537837,6,2025-09-27T11:30:00Z,FINISHED,402,Brentford FC,66,Manchester United FC,3,1,2,1,HOME_TEAM,REGULAR,REGULAR_SEASON,Craig Pawson
537836,6,2025-09-27T14:00:00Z,FINISHED,354,Crystal Palace FC,64,Liverpool FC,2,1,1,0,HOME_TEAM,REGULAR,REGULAR_SEASON,Chris Kavanagh
537838,6,2025-09-27T14:00:00Z,FINISHED,61,Chelsea FC,397,Brighton & Hove Albion FC,1,3,1,0,AWAY_TEAM,REGULAR,REGULAR_SEASON,Simon Hooper
537840,6,2025-09-27T14:00:00Z,FINISHED,341,Leeds United FC,1044,AFC Bournemouth,2,2,1,1,DRAW,REGULAR,REGULAR_SEASON,Michael Oliver
537841,6,2025-09-27T14:00:00Z,FINISHED,65,Manchester City FC,328,Burnley FC,5,1,1,1,HOME_TEAM,REGULAR,REGULAR_SEASON,Robert Jones
537843,6,2025-09-27T16:30:00Z,FINISHED,351,Nottingham Forest FC,71,Sunderland AFC,0,1,0,1,AWAY_TEAM,REGULAR,REGULAR_SEASON,Tony Harrington
537844,6,2025-09-27T19:00:00Z,FINISHED,73,Tottenham Hotspur FC,76,Wolverhampton Wanderers FC,1,1,0,0,DRAW,REGULAR,REGULAR_SEASON,Michael Salisbury
537835,6,2025-09-28T13:00:00Z,FINISHED,58,Aston Villa FC,63,Fulham FC,3,1,1,1,HOME_TEAM,REGULAR,REGULAR_SEASON,Andy Madley
537842,6,2025-09-28T15:30:00Z,FINISHED,67,Newcastle United FC,57,Arsenal FC,1,2,1,0,AWAY_TEAM,REGULAR,REGULAR_SEASON,Jarred Gillett
537839,6,2025-09-29T19:00:00Z,FINISHED,62,Everton FC,563,West Ham United FC,1,1,1,0,DRAW,REGULAR,REGULAR_SEASON,Sam Barrott
537845,7,2025-10-03T19:00:00Z,FINISHED,1044,AFC Bournemouth,63,Fulham FC,3,1,0,0,HOME_TEAM,REGULAR,REGULAR_SEASON,Simon Hooper
537851,7,2025-10-04T11:30:00Z,FINISHED,341,Leeds United FC,73,Tottenham Hotspur FC,1,2,1,1,AWAY_TEAM,REGULAR,REGULAR_SEASON,Thomas Bramall
537847,7,2025-10-04T14:00:00Z,FINISHED,57,Arsenal FC,563,West Ham United FC,2,0,1,0,HOME_TEAM,REGULAR,REGULAR_SEASON,John Brooks
537852,7,2025-10-04T14:00:00Z,FINISHED,66,Manchester United FC,71,Sunderland AFC,2,0,2,0,HOME_TEAM,REGULAR,REGULAR_SEASON,Stuart Attwell
537849,7,2025-10-04T16:30:00Z,FINISHED,61,Chelsea FC,64,Liverpool FC,2,1,1,0,HOME_TEAM,REGULAR,REGULAR_SEASON,Anthony Taylor
537846,7,2025-10-05T13:00:00Z,FINISHED,58,Aston Villa FC,328,Burnley FC,2,1,1,0,HOME_TEAM,REGULAR,REGULAR_SEASON,Andrew Kitchen
537850,7,2025-10-05T13:00:00Z,FINISHED,62,Everton FC,354,Crystal Palace FC,2,1,0,1,HOME_TEAM,REGULAR,REGULAR_SEASON,Michael Salisbury
537853,7,2025-10-05T13:00:00Z,FINISHED,67,Newcastle United FC,351,Nottingham Forest FC,2,0,0,0,HOME_TEAM,REGULAR,REGULAR_SEASON,Peter Bankes
537854,7,2025-10-05T13:00:00Z,FINISHED,76,Wolverhampton Wanderers FC,397,Brighton & Hove Albion FC,1,1,1,0,DRAW,REGULAR,REGULAR_SEASON,Jarred Gillett
537848,7,2025-10-05T15:30:00Z,FINISHED,402,Brentford FC,65,Manchester City FC,0,1,0,1,AWAY_TEAM,REGULAR,REGULAR_SEASON,Darren England
537862,8,2025-10-18T11:30:00Z,FINISHED,351,Nottingham Forest FC,61,Chelsea FC,0,3,0,0,AWAY_TEAM,REGULAR,REGULAR_SEASON,Chris Kavanagh
537856,8,2025-10-18T14:00:00Z,FINISHED,397,Brighton & Hove Albion FC,67,Newcastle United FC,2,1,1,0,HOME_TEAM,REGULAR,REGULAR_SEASON,Craig Pawson
537857,8,2025-10-18T14:00:00Z,FINISHED,354,Crystal Palace FC,1044,AFC Bournemouth,3,3,0,2,DRAW,REGULAR,REGULAR_SEASON,Jarred Gillett
537858,8,2025-10-18T14:00:00Z,FINISHED,328,Burnley FC,341,Leeds United FC,2,0,1,0,HOME_TEAM,REGULAR,REGULAR_SEASON,Tim Robinson
537861,8,2025-10-18T14:00:00Z,FINISHED,65,Manchester City FC,62,Everton FC,2,0,0,0,HOME_TEAM,REGULAR,REGULAR_SEASON,Tony Harrington
537855,8,2025-10-18T14:00:00Z,FINISHED,71,Sunderland AFC,76,Wolverhampton Wanderers FC,2,0,1,0,HOME_TEAM,REGULAR,REGULAR_SEASON,Robert Jones
537859,8,2025-10-18T16:30:00Z,FINISHED,63,Fulham FC,57,Arsenal FC,0,1,0,0,AWAY_TEAM,REGULAR,REGULAR_SEASON,Anthony Taylor
537863,8,2025-10-19T13:00:00Z,FINISHED,73,Tottenham Hotspur FC,58,Aston Villa FC,1,2,1,1,AWAY_TEAM,REGULAR,REGULAR_SEASON,Simon Hooper
537860,8,2025-10-19T15:30:00Z,FINISHED,64,Liverpool FC,66,Manchester United FC,1,2,0,1,AWAY_TEAM,REGULAR,REGULAR_SEASON,Michael Oliver
537864,8,2025-10-20T19:00:00Z,FINISHED,563,West Ham United FC,402,Brentford FC,0,2,0,1,AWAY_TEAM,REGULAR,REGULAR_SEASON,Andy Madley
537871,9,2025-10-24T19:00:00Z,FINISHED,341,Leeds United FC,563,West Ham United FC,2,1,2,0,HOME_TEAM,REGULAR,REGULAR_SEASON,Stuart Attwell
537869,9,2025-10-25T14:00:00Z,FINISHED,61,Chelsea FC,71,Sunderland AFC,1,2,1,1,AWAY_TEAM,REGULAR,REGULAR_SEASON,Andy Madley
537873,9,2025-10-25T14:00:00Z,FINISHED,67,Newcastle United FC,63,Fulham FC,2,1,1,0,HOME_TEAM,REGULAR,REGULAR_SEASON,Tony Harrington
537872,9,2025-10-25T16:30:00Z,FINISHED,66,Manchester United FC,397,Brighton & Hove Albion FC,4,2,2,0,HOME_TEAM,REGULAR,REGULAR_SEASON,Anthony Taylor
537868,9,2025-10-25T19:00:00Z,FINISHED,402,Brentford FC,64,Liverpool FC,3,2,2,1,HOME_TEAM,REGULAR,REGULAR_SEASON,Simon Hooper
537865,9,2025-10-26T14:00:00Z,FINISHED,1044,AFC Bournemouth,351,Nottingham Forest FC,2,0,2,0,HOME_TEAM,REGULAR,REGULAR_SEASON,Sam Barrott
537866,9,2025-10-26T14:00:00Z,FINISHED,58,Aston Villa FC,65,Manchester City FC,1,0,1,0,HOME_TEAM,REGULAR,REGULAR_SEASON,Michael Oliver
537867,9,2025-10-26T14:00:00Z,FINISHED,57,Arsenal FC,354,Crystal Palace FC,1,0,1,0,HOME_TEAM,REGULAR,REGULAR_SEASON,Thomas Bramall
537874,9,2025-10-26T14:00:00Z,FINISHED,76,Wolverhampton Wanderers FC,328,Burnley FC,2,3,2,2,AWAY_TEAM,REGULAR,REGULAR_SEASON,Peter Bankes
537870,9,2025-10-26T16:30:00Z,FINISHED,62,Everton FC,73,Tottenham Hotspur FC,0,3,0,2,AWAY_TEAM,REGULAR,REGULAR_SEASON,Craig Pawson
537876,10,2025-11-01T15:00:00Z,FINISHED,397,Brighton & Hove Albion FC,341,Leeds United FC,3,0,1,0,HOME_TEAM,REGULAR,REGULAR_SEASON,Michael Oliver
537877,10,2025-11-01T15:00:00Z,FINISHED,354,Crystal Palace FC,402,Brentford FC,2,0,1,0,HOME_TEAM,REGULAR,REGULAR_SEASON,Peter Bankes
537878,10,2025-11-01T15:00:00Z,FINISHED,328,Burnley FC,57,Arsenal FC,0,2,0,2,AWAY_TEAM,REGULAR,REGULAR_SEASON,Chris Kavanagh
537879,10,2025-11-01T15:00:00Z,FINISHED,63,Fulham FC,76,Wolverhampton Wanderers FC,3,0,1,0,HOME_TEAM,REGULAR,REGULAR_SEASON,John Brooks
537882,10,2025-11-01T15:00:00Z,FINISHED,351,Nottingham Forest FC,66,Manchester United FC,2,2,0,1,DRAW,REGULAR,REGULAR_SEASON,Darren England
537883,10,2025-11-01T17:30:00Z,FINISHED,73,Tottenham Hotspur FC,61,Chelsea FC,0,1,0,1,AWAY_TEAM,REGULAR,REGULAR_SEASON,Jarred Gillett
537880,10,2025-11-01T20:00:00Z,FINISHED,64,Liverpool FC,58,Aston Villa FC,2,0,1,0,HOME_TEAM,REGULAR,REGULAR_SEASON,Stuart Attwell
537884,10,2025-11-02T14:00:00Z,FINISHED,563,West Ham United FC,67,Newcastle United FC,3,1,2,1,HOME_TEAM,REGULAR,REGULAR_SEASON,Robert Jones
537881,10,2025-11-02T16:30:00Z,FINISHED,65,Manchester City FC,1044,AFC Bournemouth,3,1,2,1,HOME_TEAM,REGULAR,REGULAR_SEASON,Anthony Taylor
537875,10,2025-11-03T20:00:00Z,FINISHED,71,Sunderland AFC,62,Everton FC,1,1,0,1,DRAW,REGULAR,REGULAR_SEASON,Thomas Bramall
537893,11,2025-11-08T12:30:00Z,FINISHED,73,Tottenham Hotspur FC,66,Manchester United FC,2,2,0,1,DRAW,REGULAR,REGULAR_SEASON,Sam Barrott
537890,11,2025-11-08T15:00:00Z,FINISHED,62,Everton FC,63,Fulham FC,2,0,1,0,HOME_TEAM,REGULAR,REGULAR_SEASON,Andy Madley
537894,11,2025-11-08T15:00:00Z,FINISHED,563,West Ham United FC,328,Burnley FC,3,2,1,1,HOME_TEAM,REGULAR,REGULAR_SEASON,Michael Salisbury
537885,11,2025-11-08T17:30:00Z,FINISHED,71,Sunderland AFC,57,Arsenal FC,2,2,1,0,DRAW,REGULAR,REGULAR_SEASON,Craig Pawson
537889,11,2025-11-08T20:00:00Z,FINISHED,61,Chelsea FC,76,Wolverhampton Wanderers FC,3,0,0,0,HOME_TEAM,REGULAR,REGULAR_SEASON,Andrew Kitchen
537886,11,2025-11-09T14:00:00Z,FINISHED,58,Aston Villa FC,1044,AFC Bournemouth,4,0,2,0,HOME_TEAM,REGULAR,REGULAR_SEASON,John Brooks
537887,11,2025-11-09T14:00:00Z,FINISHED,354,Crystal Palace FC,397,Brighton & Hove Albion FC,0,0,0,0,DRAW,REGULAR,REGULAR_SEASON,Tim Robinson
537888,11,2025-11-09T14:00:00Z,FINISHED,402,Brentford FC,67,Newcastle United FC,3,1,0,1,HOME_TEAM,REGULAR,REGULAR_SEASON,Stuart Attwell
537892,11,2025-11-09T14:00:00Z,FINISHED,351,Nottingham Forest FC,341,Leeds United FC,3,1,1,1,HOME_TEAM,REGULAR,REGULAR_SEASON,Jarred Gillett
537891,11,2025-11-09T16:30:00Z,FINISHED,65,Manchester City FC,64,Liverpool FC,3,0,2,0,HOME_TEAM,REGULAR,REGULAR_SEASON,Chris Kavanagh
537898,12,2025-11-22T12:30:00Z,FINISHED,328,Burnley FC,61,Chelsea FC,0,2,0,1,AWAY_TEAM,REGULAR,REGULAR_SEASON,Peter Bankes
537895,12,2025-11-22T15:00:00Z,FINISHED,1044,AFC Bournemouth,563,West Ham United FC,2,2,0,2,DRAW,REGULAR,REGULAR_SEASON,Thomas Bramall
537896,12,2025-11-22T15:00:00Z,FINISHED,397,Brighton & Hove Albion FC,402,Brentford FC,2,1,0,1,HOME_TEAM,REGULAR,REGULAR_SEASON,Chris Kavanagh
537899,12,2025-11-22T15:00:00Z,FINISHED,63,Fulham FC,71,Sunderland AFC,1,0,0,0,HOME_TEAM,REGULAR,REGULAR_SEASON,Darren England
537900,12,2025-11-22T15:00:00Z,FINISHED,64,Liverpool FC,351,Nottingham Forest FC,0,3,0,1,AWAY_TEAM,REGULAR,REGULAR_SEASON,Andy Madley
537904,12,2025-11-22T15:00:00Z,FINISHED,76,Wolverhampton Wanderers FC,354,Crystal Palace FC,0,2,0,0,AWAY_TEAM,REGULAR,REGULAR_SEASON,Anthony Taylor
537903,12,2025-11-22T17:30:00Z,FINISHED,67,Newcastle United FC,65,Manchester City FC,2,1,0,0,HOME_TEAM,REGULAR,REGULAR_SEASON,Sam Barrott
537901,12,2025-11-23T14:00:00Z,FINISHED,341,Leeds United FC,58,Aston Villa FC,1,2,1,0,AWAY_TEAM,REGULAR,REGULAR_SEASON,Robert Jones
537897,12,2025-11-23T16:30:00Z,FINISHED,57,Arsenal FC,73,Tottenham Hotspur FC,4,1,2,0,HOME_TEAM,REGULAR,REGULAR_SEASON,Michael Oliver
537902,12,2025-11-24T20:00:00Z,FINISHED,66,Manchester United FC,62,Everton FC,0,1,0,1,AWAY_TEAM,REGULAR,REGULAR_SEASON,Tony Harrington
537905,13,2025-11-29T15:00:00Z,FINISHED,71,Sunderland AFC,1044,AFC Bournemouth,3,2,1,2,HOME_TEAM,REGULAR,REGULAR_SEASON,Tim Robinson
537908,13,2025-11-29T15:00:00Z,FINISHED,402,Brentford FC,328,Burnley FC,3,1,0,0,HOME_TEAM,REGULAR,REGULAR_SEASON,Sam Barrott
537911,13,2025-11-29T15:00:00Z,FINISHED,65,Manchester City FC,341,Leeds United FC,3,2,2,0,HOME_TEAM,REGULAR,REGULAR_SEASON,Peter Bankes
537910,13,2025-11-29T17:30:00Z,FINISHED,62,Everton FC,67,Newcastle United FC,1,4,0,3,AWAY_TEAM,REGULAR,REGULAR_SEASON,Craig Pawson
537913,13,2025-11-29T20:00:00Z,FINISHED,73,Tottenham Hotspur FC,63,Fulham FC,1,2,0,2,AWAY_TEAM,REGULAR,REGULAR_SEASON,Stuart Attwell
537907,13,2025-11-30T12:00:00Z,FINISHED,354,Crystal Palace FC,66,Manchester United FC,1,2,1,0,AWAY_TEAM,REGULAR,REGULAR_SEASON,Robert Jones
537906,13,2025-11-30T14:05:00Z,FINISHED,58,Aston Villa FC,76,Wolverhampton Wanderers FC,1,0,0,0,HOME_TEAM,REGULAR,REGULAR_SEASON,Chris Kavanagh
537912,13,2025-11-30T14:05:00Z,FINISHED,351,Nottingham Forest FC,397,Brighton & Hove Albion FC,0,2,0,1,AWAY_TEAM,REGULAR,REGULAR_SEASON,Michael Oliver
537914,13,2025-11-30T14:05:00Z,FINISHED,563,West Ham United FC,64,Liverpool FC,0,2,0,0,AWAY_TEAM,REGULAR,REGULAR_SEASON,Darren England
537909,13,2025-11-30T16:30:00Z,FINISHED,61,Chelsea FC,57,Arsenal FC,1,1,0,0,DRAW,REGULAR,REGULAR_SEASON,Anthony Taylor
537915,14,2025-12-02T19:30:00Z,FINISHED,1044,AFC Bournemouth,62,Everton FC,0,1,0,0,AWAY_TEAM,REGULAR,REGULAR_SEASON,Michael Salisbury
537919,14,2025-12-02T19:30:00Z,FINISHED,63,Fulham FC,65,Manchester City FC,4,5,1,3,AWAY_TEAM,REGULAR,REGULAR_SEASON,Craig Pawson
537923,14,2025-12-02T20:15:00Z,FINISHED,67,Newcastle United FC,73,Tottenham Hotspur FC,2,2,0,0,DRAW,REGULAR,REGULAR_SEASON,Thomas Bramall
537916,14,2025-12-03T19:30:00Z,FINISHED,397,Brighton & Hove Albion FC,58,Aston Villa FC,3,4,2,2,AWAY_TEAM,REGULAR,REGULAR_SEASON,Andy Madley
537917,14,2025-12-03T19:30:00Z,FINISHED,57,Arsenal FC,402,Brentford FC,2,0,1,0,HOME_TEAM,REGULAR,REGULAR_SEASON,Tony Harrington
537918,14,2025-12-03T19:30:00Z,FINISHED,328,Burnley FC,354,Crystal Palace FC,0,1,0,1,AWAY_TEAM,REGULAR,REGULAR_SEASON,Thomas Kirk
537924,14,2025-12-03T19:30:00Z,FINISHED,76,Wolverhampton Wanderers FC,351,Nottingham Forest FC,0,1,0,0,AWAY_TEAM,REGULAR,REGULAR_SEASON,Tim Robinson
537920,14,2025-12-03T20:15:00Z,FINISHED,64,Liverpool FC,71,Sunderland AFC,1,1,0,0,DRAW,REGULAR,REGULAR_SEASON,Stuart Attwell
537921,14,2025-12-03T20:15:00Z,FINISHED,341,Leeds United FC,61,Chelsea FC,3,1,2,0,HOME_TEAM,REGULAR,REGULAR_SEASON,Darren England
537922,14,2025-12-04T20:00:00Z,FINISHED,66,Manchester United FC,563,West Ham United FC,1,1,0,0,DRAW,REGULAR,REGULAR_SEASON,Andrew Kitchen
537926,15,2025-12-06T12:30:00Z,FINISHED,58,Aston Villa FC,57,Arsenal FC,2,1,1,0,HOME_TEAM,REGULAR,REGULAR_SEASON,Peter Bankes
537925,15,2025-12-06T15:00:00Z,FINISHED,1044,AFC Bournemouth,61,Chelsea FC,0,0,0,0,DRAW,REGULAR,REGULAR_SEASON,Michael Oliver
537928,15,2025-12-06T15:00:00Z,FINISHED,62,Everton FC,351,Nottingham Forest FC,3,0,2,0,HOME_TEAM,REGULAR,REGULAR_SEASON,Chris Kavanagh
537931,15,2025-12-06T15:00:00Z,FINISHED,65,Manchester City FC,71,Sunderland AFC,3,0,2,0,HOME_TEAM,REGULAR,REGULAR_SEASON,Andy Madley
537932,15,2025-12-06T15:00:00Z,FINISHED,67,Newcastle United FC,328,Burnley FC,2,1,2,0,HOME_TEAM,REGULAR,REGULAR_SEASON,Stuart Attwell
537933,15,2025-12-06T15:00:00Z,FINISHED,73,Tottenham Hotspur FC,402,Brentford FC,2,0,2,0,HOME_TEAM,REGULAR,REGULAR_SEASON,Robert Jones
537930,15,2025-12-06T17:30:00Z,FINISHED,341,Leeds United FC,64,Liverpool FC,3,3,0,0,DRAW,REGULAR,REGULAR_SEASON,Anthony Taylor
537927,15,2025-12-07T14:00:00Z,FINISHED,397,Brighton & Hove Albion FC,563,West Ham United FC,1,1,0,0,DRAW,REGULAR,REGULAR_SEASON,Simon Hooper
537929,15,2025-12-07T16:30:00Z,FINISHED,63,Fulham FC,354,Crystal Palace FC,1,2,1,1,AWAY_TEAM,REGULAR,REGULAR_SEASON,Sam Barrott
537934,15,2025-12-08T20:00:00Z,FINISHED,76,Wolverhampton Wanderers FC,66,Manchester United FC,1,4,1,1,AWAY_TEAM,REGULAR,REGULAR_SEASON,Michael Salisbury
537940,16,2025-12-13T15:00:00Z,FINISHED,61,Chelsea FC,62,Everton FC,2,0,2,0,HOME_TEAM,REGULAR,REGULAR_SEASON,Thomas Bramall
537941,16,2025-12-13T15:00:00Z,FINISHED,64,Liverpool FC,397,Brighton & Hove Albion FC,2,0,1,0,HOME_TEAM,REGULAR,REGULAR_SEASON,Craig Pawson
537939,16,2025-12-13T17:30:00Z,FINISHED,328,Burnley FC,63,Fulham FC,2,3,1,2,AWAY_TEAM,REGULAR,REGULAR_SEASON,Michael Oliver
537937,16,2025-12-13T20:00:00Z,FINISHED,57,Arsenal FC,76,Wolverhampton Wanderers FC,2,1,0,0,HOME_TEAM,REGULAR,REGULAR_SEASON,Robert Jones
537935,16,2025-12-14T14:00:00Z,FINISHED,71,Sunderland AFC,67,Newcastle United FC,1,0,0,0,HOME_TEAM,REGULAR,REGULAR_SEASON,Peter Bankes
537936,16,2025-12-14T14:00:00Z,FINISHED,354,Crystal Palace FC,65,Manchester City FC,0,3,0,1,AWAY_TEAM,REGULAR,REGULAR_SEASON,Darren England
537943,16,2025-12-14T14:00:00Z,FINISHED,351,Nottingham Forest FC,73,Tottenham Hotspur FC,3,0,1,0,HOME_TEAM,REGULAR,REGULAR_SEASON,Sam Barrott
537944,16,2025-12-14T14:00:00Z,FINISHED,563,West Ham United FC,58,Aston Villa FC,2,3,2,1,AWAY_TEAM,REGULAR,REGULAR_SEASON,Anthony Taylor
537938,16,2025-12-14T16:30:00Z,FINISHED,402,Brentford FC,341,Leeds United FC,1,1,0,0,DRAW,REGULAR,REGULAR_SEASON,John Brooks
537942,16,2025-12-15T20:00:00Z,FINISHED,66,Manchester United FC,1044,AFC Bournemouth,4,4,2,1,DRAW,REGULAR,REGULAR_SEASON,Simon Hooper
537952,17,2025-12-20T12:30:00Z,FINISHED,67,Newcastle United FC,61,Chelsea FC,2,2,2,0,DRAW,REGULAR,REGULAR_SEASON,Andy Madley
537945,17,2025-12-20T15:00:00Z,FINISHED,1044,AFC Bournemouth,328,Burnley FC,1,1,0,0,DRAW,REGULAR,REGULAR_SEASON,Chris Kavanagh
537947,17,2025-12-20T15:00:00Z,FINISHED,397,Brighton & Hove Albion FC,71,Sunderland AFC,0,0,0,0,DRAW,REGULAR,REGULAR_SEASON,Darren England
537951,17,2025-12-20T15:00:00Z,FINISHED,65,Manchester City FC,563,West Ham United FC,3,0,2,0,HOME_TEAM,REGULAR,REGULAR_SEASON,Paul Tierney
537954,17,2025-12-20T15:00:00Z,FINISHED,76,Wolverhampton Wanderers FC,402,Brentford FC,0,2,0,0,AWAY_TEAM,REGULAR,REGULAR_SEASON,Matt Donohue
537953,17,2025-12-20T17:30:00Z,FINISHED,73,Tottenham Hotspur FC,64,Liverpool FC,1,2,0,0,AWAY_TEAM,REGULAR,REGULAR_SEASON,John Brooks
537948,17,2025-12-20T20:00:00Z,FINISHED,62,Everton FC,57,Arsenal FC,0,1,0,1,AWAY_TEAM,REGULAR,REGULAR_SEASON,Sam Barrott
537950,17,2025-12-20T20:00:00Z,FINISHED,341,Leeds United FC,354,Crystal Palace FC,4,1,2,0,HOME_TEAM,REGULAR,REGULAR_SEASON,Thomas Bramall
537946,17,2025-12-21T16:30:00Z,FINISHED,58,Aston Villa FC,66,Manchester United FC,2,1,1,1,HOME_TEAM,REGULAR,REGULAR_SEASON,Michael Oliver
537949,17,2025-12-22T20:00:00Z,FINISHED,63,Fulham FC,351,Nottingham Forest FC,1,0,1,0,HOME_TEAM,REGULAR,REGULAR_SEASON,Anthony Taylor
537962,18,2025-12-26T20:00:00Z,FINISHED,66,Manchester United FC,67,Newcastle United FC,1,0,1,0,HOME_TEAM,REGULAR,REGULAR_SEASON,Anthony Taylor
537963,18,2025-12-27T12:30:00Z,FINISHED,351,Nottingham Forest FC,65,Manchester City FC,1,2,0,0,AWAY_TEAM,REGULAR,REGULAR_SEASON,Robert Jones
537957,18,2025-12-27T15:00:00Z,FINISHED,57,Arsenal FC,397,Brighton & Hove Albion FC,2,1,1,0,HOME_TEAM,REGULAR,REGULAR_SEASON,John Brooks
537958,18,2025-12-27T15:00:00Z,FINISHED,402,Brentford FC,1044,AFC Bournemouth,4,1,2,0,HOME_TEAM,REGULAR,REGULAR_SEASON,Peter Bankes
537959,18,2025-12-27T15:00:00Z,FINISHED,328,Burnley FC,62,Everton FC,0,0,0,0,DRAW,REGULAR,REGULAR_SEASON,Craig Pawson
537961,18,2025-12-27T15:00:00Z,FINISHED,64,Liverpool FC,76,Wolverhampton Wanderers FC,2,1,2,0,HOME_TEAM,REGULAR,REGULAR_SEASON,Simon Hooper
537964,18,2025-12-27T15:00:00Z,FINISHED,563,West Ham United FC,63,Fulham FC,0,1,0,0,AWAY_TEAM,REGULAR,REGULAR_SEASON,Chris Kavanagh
537960,18,2025-12-27T17:30:00Z,FINISHED,61,Chelsea FC,58,Aston Villa FC,1,2,1,0,AWAY_TEAM,REGULAR,REGULAR_SEASON,Stuart Attwell
537955,18,2025-12-28T14:00:00Z,FINISHED,71,Sunderland AFC,341,Leeds United FC,1,1,1,0,DRAW,REGULAR,REGULAR_SEASON,Tony Harrington
537956,18,2025-12-28T16:30:00Z,FINISHED,354,Crystal Palace FC,73,Tottenham Hotspur FC,0,1,0,1,AWAY_TEAM,REGULAR,REGULAR_SEASON,Jarred Gillett
537969,19,2025-12-30T19:30:00Z,FINISHED,328,Burnley FC,67,Newcastle United FC,1,3,1,2,AWAY_TEAM,REGULAR,REGULAR_SEASON,Robert Jones
537970,19,2025-12-30T19:30:00Z,FINISHED,61,Chelsea FC,1044,AFC Bournemouth,2,2,2,2,DRAW,REGULAR,REGULAR_SEASON,Sam Barrott
537973,19,2025-12-30T19:30:00Z,FINISHED,351,Nottingham Forest FC,62,Everton FC,0,2,0,1,AWAY_TEAM,REGULAR,REGULAR_SEASON,Michael Oliver
537974,19,2025-12-30T19:30:00Z,FINISHED,563,West Ham United FC,397,Brighton & Hove Albion FC,2,2,2,1,DRAW,REGULAR,REGULAR_SEASON,Michael Salisbury
537967,19,2025-12-30T20:15:00Z,FINISHED,57,Arsenal FC,58,Aston Villa FC,4,1,0,0,HOME_TEAM,REGULAR,REGULAR_SEASON,Darren England
537972,19,2025-12-30T20:15:00Z,FINISHED,66,Manchester United FC,76,Wolverhampton Wanderers FC,1,1,1,1,DRAW,REGULAR,REGULAR_SEASON,Thomas Bramall
537966,19,2026-01-01T17:30:00Z,FINISHED,354,Crystal Palace FC,63,Fulham FC,1,1,1,0,DRAW,REGULAR,REGULAR_SEASON,Tony Harrington
537971,19,2026-01-01T17:30:00Z,FINISHED,64,Liverpool FC,341,Leeds United FC,0,0,0,0,DRAW,REGULAR,REGULAR_SEASON,Chris Kavanagh
537965,19,2026-01-01T20:00:00Z,FINISHED,71,Sunderland AFC,65,Manchester City FC,0,0,0,0,DRAW,REGULAR,REGULAR_SEASON,Jarred Gillett
537968,19,2026-01-01T20:00:00Z,FINISHED,402,Brentford FC,73,Tottenham Hotspur FC,0,0,0,0,DRAW,REGULAR,REGULAR_SEASON,Andy Madley
537976,20,2026-01-03T12:30:00Z,FINISHED,58,Aston Villa FC,351,Nottingham Forest FC,3,1,1,0,HOME_TEAM,REGULAR,REGULAR_SEASON,Simon Hooper
537977,20,2026-01-03T15:00:00Z,FINISHED,397,Brighton & Hove Albion FC,328,Burnley FC,2,0,1,0,HOME_TEAM,REGULAR,REGULAR_SEASON,Tim Robinson
537984,20,2026-01-03T15:00:00Z,FINISHED,76,Wolverhampton Wanderers FC,563,West Ham United FC,3,0,3,0,HOME_TEAM,REGULAR,REGULAR_SEASON,Peter Bankes
537975,20,2026-01-03T17:30:00Z,FINISHED,1044,AFC Bournemouth,57,Arsenal FC,2,3,1,1,AWAY_TEAM,REGULAR,REGULAR_SEASON,Chris Kavanagh
537980,20,2026-01-04T12:30:00Z,FINISHED,341,Leeds United FC,66,Manchester United FC,1,1,0,0,DRAW,REGULAR,REGULAR_SEASON,Jarred Gillett
537978,20,2026-01-04T15:00:00Z,FINISHED,62,Everton FC,402,Brentford FC,2,4,0,1,AWAY_TEAM,REGULAR,REGULAR_SEASON,Anthony Taylor
537982,20,2026-01-04T15:00:00Z,FINISHED,67,Newcastle United FC,354,Crystal Palace FC,2,0,0,0,HOME_TEAM,REGULAR,REGULAR_SEASON,John Brooks
537983,20,2026-01-04T15:00:00Z,FINISHED,73,Tottenham Hotspur FC,71,Sunderland AFC,1,1,1,0,DRAW,REGULAR,REGULAR_SEASON,Stuart Attwell
537979,20,2026-01-04T15:15:00Z,FINISHED,63,Fulham FC,64,Liverpool FC,2,2,1,0,DRAW,REGULAR,REGULAR_SEASON,Craig Pawson
537981,20,2026-01-04T17:30:00Z,FINISHED,65,Manchester City FC,61,Chelsea FC,1,1,1,0,DRAW,REGULAR,REGULAR_SEASON,Michael Oliver
537994,21,2026-01-06T20:00:00Z,FINISHED,563,West Ham United FC,351,Nottingham Forest FC,1,2,1,0,AWAY_TEAM,REGULAR,REGULAR_SEASON,Tony Harrington
537985,21,2026-01-07T19:30:00Z,FINISHED,1044,AFC Bournemouth,73,Tottenham Hotspur FC,3,2,2,1,HOME_TEAM,REGULAR,REGULAR_SEASON,Darren England
537986,21,2026-01-07T19:30:00Z,FINISHED,354,Crystal Palace FC,58,Aston Villa FC,0,0,0,0,DRAW,REGULAR,REGULAR_SEASON,Andy Madley
537988,21,2026-01-07T19:30:00Z,FINISHED,402,Brentford FC,71,Sunderland AFC,3,0,1,0,HOME_TEAM,REGULAR,REGULAR_SEASON,Matt Donohue
537990,21,2026-01-07T19:30:00Z,FINISHED,62,Everton FC,76,Wolverhampton Wanderers FC,1,1,1,0,DRAW,REGULAR,REGULAR_SEASON,Thomas Kirk
537991,21,2026-01-07T19:30:00Z,FINISHED,63,Fulham FC,61,Chelsea FC,2,1,0,0,HOME_TEAM,REGULAR,REGULAR_SEASON,Peter Bankes
537992,21,2026-01-07T19:30:00Z,FINISHED,65,Manchester City FC,397,Brighton & Hove Albion FC,1,1,1,0,DRAW,REGULAR,REGULAR_SEASON,Thomas Bramall
537989,21,2026-01-07T20:15:00Z,FINISHED,328,Burnley FC,66,Manchester United FC,2,2,1,0,DRAW,REGULAR,REGULAR_SEASON,Stuart Attwell
537993,21,2026-01-07T20:15:00Z,FINISHED,67,Newcastle United FC,341,Leeds United FC,4,3,1,2,HOME_TEAM,REGULAR,REGULAR_SEASON,Michael Salisbury
537987,21,2026-01-08T20:00:00Z,FINISHED,57,Arsenal FC,64,Liverpool FC,0,0,0,0,DRAW,REGULAR,REGULAR_SEASON,Anthony Taylor
538001,22,2026-01-17T12:30:00Z,FINISHED,66,Manchester United FC,65,Manchester City FC,2,0,0,0,HOME_TEAM,REGULAR,REGULAR_SEASON,Anthony Taylor
537995,22,2026-01-17T15:00:00Z,FINISHED,71,Sunderland AFC,354,Crystal Palace FC,2,1,1,1,HOME_TEAM,REGULAR,REGULAR_SEASON,Robert Jones
537998,22,2026-01-17T15:00:00Z,FINISHED,61,Chelsea FC,402,Brentford FC,2,0,1,0,HOME_TEAM,REGULAR,REGULAR_SEASON,John Brooks
537999,22,2026-01-17T15:00:00Z,FINISHED,64,Liverpool FC,328,Burnley FC,1,1,1,0,DRAW,REGULAR,REGULAR_SEASON,Andy Madley
538000,22,2026-01-17T15:00:00Z,FINISHED,341,Leeds United FC,63,Fulham FC,1,0,0,0,HOME_TEAM,REGULAR,REGULAR_SEASON,Chris Kavanagh
538003,22,2026-01-17T15:00:00Z,FINISHED,73,Tottenham Hotspur FC,563,West Ham United FC,1,2,0,1,AWAY_TEAM,REGULAR,REGULAR_SEASON,Jarred Gillett
538002,22,2026-01-17T17:30:00Z,FINISHED,351,Nottingham Forest FC,57,Arsenal FC,0,0,0,0,DRAW,REGULAR,REGULAR_SEASON,Michael Oliver
538004,22,2026-01-18T14:00:00Z,FINISHED,76,Wolverhampton Wanderers FC,67,Newcastle United FC,0,0,0,0,DRAW,REGULAR,REGULAR_SEASON,Sam Barrott
537996,22,2026-01-18T16:30:00Z,FINISHED,58,Aston Villa FC,62,Everton FC,0,1,0,0,AWAY_TEAM,REGULAR,REGULAR_SEASON,Tony Harrington
537997,22,2026-01-19T20:00:00Z,FINISHED,397,Brighton & Hove Albion FC,1044,AFC Bournemouth,1,1,0,1,DRAW,REGULAR,REGULAR_SEASON,Paul Tierney
538014,23,2026-01-24T12:30:00Z,FINISHED,563,West Ham United FC,71,Sunderland AFC,3,1,3,0,HOME_TEAM,REGULAR,REGULAR_SEASON,Thomas Bramall
538009,23,2026-01-24T15:00:00Z,FINISHED,328,Burnley FC,73,Tottenham Hotspur FC,2,2,1,1,DRAW,REGULAR,REGULAR_SEASON,Peter Bankes
538011,23,2026-01-24T15:00:00Z,FINISHED,63,Fulham FC,397,Brighton & Hove Albion FC,2,1,0,1,HOME_TEAM,REGULAR,REGULAR_SEASON,Michael Oliver
538012,23,2026-01-24T15:00:00Z,FINISHED,65,Manchester City FC,76,Wolverhampton Wanderers FC,2,0,2,0,HOME_TEAM,REGULAR,REGULAR_SEASON,Farai Hallam
538005,23,2026-01-24T17:30:00Z,FINISHED,1044,AFC Bournemouth,64,Liverpool FC,3,2,2,1,HOME_TEAM,REGULAR,REGULAR_SEASON,Michael Salisbury
538006,23,2026-01-25T14:00:00Z,FINISHED,354,Crystal Palace FC,61,Chelsea FC,1,3,0,1,AWAY_TEAM,REGULAR,REGULAR_SEASON,Darren England
538008,23,2026-01-25T14:00:00Z,FINISHED,402,Brentford FC,351,Nottingham Forest FC,0,2,0,1,AWAY_TEAM,REGULAR,REGULAR_SEASON,Sam Barrott
538013,23,2026-01-25T14:00:00Z,FINISHED,67,Newcastle United FC,58,Aston Villa FC,0,2,0,1,AWAY_TEAM,REGULAR,REGULAR_SEASON,Jarred Gillett
538007,23,2026-01-25T16:30:00Z,FINISHED,57,Arsenal FC,66,Manchester United FC,2,3,1,1,AWAY_TEAM,REGULAR,REGULAR_SEASON,Craig Pawson
538010,23,2026-01-26T20:00:00Z,FINISHED,62,Everton FC,341,Leeds United FC,1,1,0,1,DRAW,REGULAR,REGULAR_SEASON,Simon Hooper
538017,24,2026-01-31T15:00:00Z,FINISHED,397,Brighton & Hove Albion FC,62,Everton FC,1,1,0,0,DRAW,REGULAR,REGULAR_SEASON,Chris Kavanagh
538020,24,2026-01-31T15:00:00Z,FINISHED,341,Leeds United FC,57,Arsenal FC,0,4,0,2,AWAY_TEAM,REGULAR,REGULAR_SEASON,Stuart Attwell
538024,24,2026-01-31T15:00:00Z,FINISHED,76,Wolverhampton Wanderers FC,1044,AFC Bournemouth,0,2,0,1,AWAY_TEAM,REGULAR,REGULAR_SEASON,Michael Oliver
538018,24,2026-01-31T17:30:00Z,FINISHED,61,Chelsea FC,563,West Ham United FC,3,2,0,2,HOME_TEAM,REGULAR,REGULAR_SEASON,Anthony Taylor
538019,24,2026-01-31T20:00:00Z,FINISHED,64,Liverpool FC,67,Newcastle United FC,4,1,2,1,HOME_TEAM,REGULAR,REGULAR_SEASON,Simon Hooper
538016,24,2026-02-01T14:00:00Z,FINISHED,58,Aston Villa FC,402,Brentford FC,0,1,0,1,AWAY_TEAM,REGULAR,REGULAR_SEASON,Tim Robinson
538021,24,2026-02-01T14:00:00Z,FINISHED,66,Manchester United FC,63,Fulham FC,3,2,1,0,HOME_TEAM,REGULAR,REGULAR_SEASON,John Brooks
538022,24,2026-02-01T14:00:00Z,FINISHED,351,Nottingham Forest FC,354,Crystal Palace FC,1,1,1,1,DRAW,REGULAR,REGULAR_SEASON,Michael Salisbury
538023,24,2026-02-01T16:30:00Z,FINISHED,73,Tottenham Hotspur FC,65,Manchester City FC,2,2,0,2,DRAW,REGULAR,REGULAR_SEASON,Robert Jones
538015,24,2026-02-02T20:00:00Z,FINISHED,71,Sunderland AFC,328,Burnley FC,3,0,2,0,HOME_TEAM,REGULAR,REGULAR_SEASON,Paul Tierney
538031,25,2026-02-06T20:00:00Z,FINISHED,341,Leeds United FC,351,Nottingham Forest FC,3,1,2,0,HOME_TEAM,REGULAR,REGULAR_SEASON,Peter Bankes
538032,25,2026-02-07T12:30:00Z,FINISHED,66,Manchester United FC,73,Tottenham Hotspur FC,2,0,1,0,HOME_TEAM,REGULAR,REGULAR_SEASON,Michael Oliver
538025,25,2026-02-07T15:00:00Z,FINISHED,1044,AFC Bournemouth,58,Aston Villa FC,1,1,0,1,DRAW,REGULAR,REGULAR_SEASON,Anthony Taylor
538027,25,2026-02-07T15:00:00Z,FINISHED,57,Arsenal FC,71,Sunderland AFC,3,0,1,0,HOME_TEAM,REGULAR,REGULAR_SEASON,Sam Barrott
538028,25,2026-02-07T15:00:00Z,FINISHED,328,Burnley FC,563,West Ham United FC,0,2,0,2,AWAY_TEAM,REGULAR,REGULAR_SEASON,Darren England
538029,25,2026-02-07T15:00:00Z,FINISHED,63,Fulham FC,62,Everton FC,1,2,1,0,AWAY_TEAM,REGULAR,REGULAR_SEASON,Stuart Attwell
538034,25,2026-02-07T15:00:00Z,FINISHED,76,Wolverhampton Wanderers FC,61,Chelsea FC,1,3,0,3,AWAY_TEAM,REGULAR,REGULAR_SEASON,Jarred Gillett
538033,25,2026-02-07T17:30:00Z,FINISHED,67,Newcastle United FC,402,Brentford FC,2,3,1,2,AWAY_TEAM,REGULAR,REGULAR_SEASON,Andy Madley
538026,25,2026-02-08T14:00:00Z,FINISHED,397,Brighton & Hove Albion FC,354,Crystal Palace FC,0,1,0,0,AWAY_TEAM,REGULAR,REGULAR_SEASON,Thomas Bramall
538030,25,2026-02-08T16:30:00Z,FINISHED,64,Liverpool FC,65,Manchester City FC,1,2,0,0,AWAY_TEAM,REGULAR,REGULAR_SEASON,Craig Pawson
538039,26,2026-02-10T19:30:00Z,FINISHED,61,Chelsea FC,341,Leeds United FC,2,2,1,0,DRAW,REGULAR,REGULAR_SEASON,Robert Jones
538040,26,2026-02-10T19:30:00Z,FINISHED,62,Everton FC,1044,AFC Bournemouth,1,2,1,0,AWAY_TEAM,REGULAR,REGULAR_SEASON,Andy Madley
538043,26,2026-02-10T19:30:00Z,FINISHED,73,Tottenham Hotspur FC,67,Newcastle United FC,1,2,0,1,AWAY_TEAM,REGULAR,REGULAR_SEASON,Anthony Taylor
538044,26,2026-02-10T20:15:00Z,FINISHED,563,West Ham United FC,66,Manchester United FC,1,1,0,0,DRAW,REGULAR,REGULAR_SEASON,Simon Hooper
538036,26,2026-02-11T19:30:00Z,FINISHED,58,Aston Villa FC,397,Brighton & Hove Albion FC,1,0,0,0,HOME_TEAM,REGULAR,REGULAR_SEASON,Peter Bankes
538041,26,2026-02-11T19:30:00Z,FINISHED,65,Manchester City FC,63,Fulham FC,3,0,3,0,HOME_TEAM,REGULAR,REGULAR_SEASON,Paul Tierney
538042,26,2026-02-11T19:30:00Z,FINISHED,351,Nottingham Forest FC,76,Wolverhampton Wanderers FC,0,0,0,0,DRAW,REGULAR,REGULAR_SEASON,Tim Robinson
538037,26,2026-02-11T19:40:00Z,FINISHED,354,Crystal Palace FC,328,Burnley FC,2,3,2,3,AWAY_TEAM,REGULAR,REGULAR_SEASON,Farai Hallam
538035,26,2026-02-11T20:15:00Z,FINISHED,71,Sunderland AFC,64,Liverpool FC,0,1,0,0,AWAY_TEAM,REGULAR,REGULAR_SEASON,Chris Kavanagh
538038,26,2026-02-12T20:00:00Z,FINISHED,402,Brentford FC,57,Arsenal FC,1,1,0,0,DRAW,REGULAR,REGULAR_SEASON,Tony Harrington
538094,31,2026-02-18T20:00:00Z,FINISHED,76,Wolverhampton Wanderers FC,57,Arsenal FC,2,2,0,1,DRAW,REGULAR,REGULAR_SEASON,Paul Tierney
538046,27,2026-02-21T15:00:00Z,FINISHED,58,Aston Villa FC,341,Leeds United FC,1,1,0,1,DRAW,REGULAR,REGULAR_SEASON,Michael Oliver
538048,27,2026-02-21T15:00:00Z,FINISHED,402,Brentford FC,397,Brighton & Hove Albion FC,0,2,0,2,AWAY_TEAM,REGULAR,REGULAR_SEASON,Jarred Gillett
538049,27,2026-02-21T15:00:00Z,FINISHED,61,Chelsea FC,328,Burnley FC,1,1,1,0,DRAW,REGULAR,REGULAR_SEASON,Lewis Smith
538054,27,2026-02-21T17:30:00Z,FINISHED,563,West Ham United FC,1044,AFC Bournemouth,0,0,0,0,DRAW,REGULAR,REGULAR_SEASON,Sam Barrott
538051,27,2026-02-21T20:00:00Z,FINISHED,65,Manchester City FC,67,Newcastle United FC,2,1,2,1,HOME_TEAM,REGULAR,REGULAR_SEASON,Thomas Bramall
538045,27,2026-02-22T14:00:00Z,FINISHED,71,Sunderland AFC,63,Fulham FC,1,3,0,0,AWAY_TEAM,REGULAR,REGULAR_SEASON,Craig Pawson
538047,27,2026-02-22T14:00:00Z,FINISHED,354,Crystal Palace FC,76,Wolverhampton Wanderers FC,1,0,0,0,HOME_TEAM,REGULAR,REGULAR_SEASON,Thomas Kirk
538052,27,2026-02-22T14:00:00Z,FINISHED,351,Nottingham Forest FC,64,Liverpool FC,0,1,0,0,AWAY_TEAM,REGULAR,REGULAR_SEASON,Anthony Taylor
538053,27,2026-02-22T16:30:00Z,FINISHED,73,Tottenham Hotspur FC,57,Arsenal FC,1,4,1,1,AWAY_TEAM,REGULAR,REGULAR_SEASON,Peter Bankes
538050,27,2026-02-23T20:00:00Z,FINISHED,62,Everton FC,66,Manchester United FC,0,1,0,0,AWAY_TEAM,REGULAR,REGULAR_SEASON,Darren England
538064,28,2026-02-27T20:00:00Z,FINISHED,76,Wolverhampton Wanderers FC,58,Aston Villa FC,2,0,0,0,HOME_TEAM,REGULAR,REGULAR_SEASON,Craig Pawson
538055,28,2026-02-28T12:30:00Z,FINISHED,1044,AFC Bournemouth,71,Sunderland AFC,1,1,0,1,DRAW,REGULAR,REGULAR_SEASON,Jarred Gillett
538058,28,2026-02-28T15:00:00Z,FINISHED,328,Burnley FC,402,Brentford FC,3,4,1,3,AWAY_TEAM,REGULAR,REGULAR_SEASON,Sam Barrott
538060,28,2026-02-28T15:00:00Z,FINISHED,64,Liverpool FC,563,West Ham United FC,5,2,3,0,HOME_TEAM,REGULAR,REGULAR_SEASON,Tim Robinson
538063,28,2026-02-28T15:00:00Z,FINISHED,67,Newcastle United FC,62,Everton FC,2,3,1,2,AWAY_TEAM,REGULAR,REGULAR_SEASON,Stuart Attwell
538061,28,2026-02-28T17:30:00Z,FINISHED,341,Leeds United FC,65,Manchester City FC,0,1,0,1,AWAY_TEAM,REGULAR,REGULAR_SEASON,Peter Bankes
538056,28,2026-03-01T14:00:00Z,FINISHED,397,Brighton & Hove Albion FC,351,Nottingham Forest FC,2,1,2,1,HOME_TEAM,REGULAR,REGULAR_SEASON,Andy Madley
538059,28,2026-03-01T14:00:00Z,FINISHED,63,Fulham FC,73,Tottenham Hotspur FC,2,1,2,0,HOME_TEAM,REGULAR,REGULAR_SEASON,Paul Tierney
538062,28,2026-03-01T14:00:00Z,FINISHED,66,Manchester United FC,354,Crystal Palace FC,2,1,0,1,HOME_TEAM,REGULAR,REGULAR_SEASON,Chris Kavanagh
538057,28,2026-03-01T16:30:00Z,FINISHED,57,Arsenal FC,61,Chelsea FC,2,1,1,1,HOME_TEAM,REGULAR,REGULAR_SEASON,Darren England
538065,29,2026-03-03T19:30:00Z,FINISHED,1044,AFC Bournemouth,402,Brentford FC,0,0,0,0,DRAW,REGULAR,REGULAR_SEASON,Craig Pawson
538068,29,2026-03-03T19:30:00Z,FINISHED,62,Everton FC,328,Burnley FC,2,0,1,0,HOME_TEAM,REGULAR,REGULAR_SEASON,Tim Robinson
538070,29,2026-03-03T19:30:00Z,FINISHED,341,Leeds United FC,71,Sunderland AFC,0,1,0,0,AWAY_TEAM,REGULAR,REGULAR_SEASON,Stuart Attwell
538074,29,2026-03-03T20:15:00Z,FINISHED,76,Wolverhampton Wanderers FC,64,Liverpool FC,2,1,0,0,HOME_TEAM,REGULAR,REGULAR_SEASON,Thomas Bramall
538066,29,2026-03-04T19:30:00Z,FINISHED,58,Aston Villa FC,61,Chelsea FC,1,4,1,2,AWAY_TEAM,REGULAR,REGULAR_SEASON,Jarred Gillett
538067,29,2026-03-04T19:30:00Z,FINISHED,397,Brighton & Hove Albion FC,57,Arsenal FC,0,1,0,1,AWAY_TEAM,REGULAR,REGULAR_SEASON,Chris Kavanagh
538069,29,2026-03-04T19:30:00Z,FINISHED,63,Fulham FC,563,West Ham United FC,0,1,0,0,AWAY_TEAM,REGULAR,REGULAR_SEASON,Matt Donohue
538071,29,2026-03-04T19:30:00Z,FINISHED,65,Manchester City FC,351,Nottingham Forest FC,2,2,1,0,DRAW,REGULAR,REGULAR_SEASON,Darren England
538072,29,2026-03-04T20:15:00Z,FINISHED,67,Newcastle United FC,66,Manchester United FC,2,1,1,1,HOME_TEAM,REGULAR,REGULAR_SEASON,Peter Bankes
538073,29,2026-03-05T20:00:00Z,FINISHED,73,Tottenham Hotspur FC,354,Crystal Palace FC,1,3,1,3,AWAY_TEAM,REGULAR,REGULAR_SEASON,Andy Madley
538075,30,2026-03-14T15:00:00Z,FINISHED,71,Sunderland AFC,397,Brighton & Hove Albion FC,0,1,0,0,AWAY_TEAM,REGULAR,REGULAR_SEASON,Thomas Kirk
538079,30,2026-03-14T15:00:00Z,FINISHED,328,Burnley FC,1044,AFC Bournemouth,0,0,0,0,DRAW,REGULAR,REGULAR_SEASON,Peter Bankes
538077,30,2026-03-14T17:30:00Z,FINISHED,57,Arsenal FC,62,Everton FC,2,0,0,0,HOME_TEAM,REGULAR,REGULAR_SEASON,Andy Madley
538080,30,2026-03-14T17:30:00Z,FINISHED,61,Chelsea FC,67,Newcastle United FC,0,1,0,1,AWAY_TEAM,REGULAR,REGULAR_SEASON,Paul Tierney
538084,30,2026-03-14T20:00:00Z,FINISHED,563,West Ham United FC,65,Manchester City FC,1,1,1,1,DRAW,REGULAR,REGULAR_SEASON,Michael Oliver
538076,30,2026-03-15T14:00:00Z,FINISHED,354,Crystal Palace FC,341,Leeds United FC,0,0,0,0,DRAW,REGULAR,REGULAR_SEASON,Thomas Bramall
538082,30,2026-03-15T14:00:00Z,FINISHED,66,Manchester United FC,58,Aston Villa FC,3,1,0,0,HOME_TEAM,REGULAR,REGULAR_SEASON,Anthony Taylor
538083,30,2026-03-15T14:00:00Z,FINISHED,351,Nottingham Forest FC,63,Fulham FC,0,0,0,0,DRAW,REGULAR,REGULAR_SEASON,Sam Barrott
538081,30,2026-03-15T16:30:00Z,FINISHED,64,Liverpool FC,73,Tottenham Hotspur FC,1,1,1,0,DRAW,REGULAR,REGULAR_SEASON,Chris Kavanagh
538078,30,2026-03-16T20:00:00Z,FINISHED,402,Brentford FC,76,Wolverhampton Wanderers FC,2,2,2,1,DRAW,REGULAR,REGULAR_SEASON,Stuart Attwell
538085,31,2026-03-20T20:00:00Z,FINISHED,1044,AFC Bournemouth,66,Manchester United FC,2,2,0,0,DRAW,REGULAR,REGULAR_SEASON,Stuart Attwell
538087,31,2026-03-21T12:45:00Z,FINISHED,397,Brighton & Hove Albion FC,64,Liverpool FC,2,1,1,1,HOME_TEAM,REGULAR,REGULAR_SEASON,Darren England
538089,31,2026-03-21T15:00:00Z,FINISHED,63,Fulham FC,328,Burnley FC,3,1,0,0,HOME_TEAM,REGULAR,REGULAR_SEASON,Chris Kavanagh
538088,31,2026-03-21T17:30:00Z,FINISHED,62,Everton FC,61,Chelsea FC,3,0,1,0,HOME_TEAM,REGULAR,REGULAR_SEASON,Sam Barrott
538090,31,2026-03-21T20:00:00Z,FINISHED,341,Leeds United FC,402,Brentford FC,0,0,0,0,DRAW,REGULAR,REGULAR_SEASON,Jarred Gillett
538092,31,2026-03-22T12:00:00Z,FINISHED,67,Newcastle United FC,71,Sunderland AFC,1,2,1,0,AWAY_TEAM,REGULAR,REGULAR_SEASON,Anthony Taylor
538086,31,2026-03-22T14:15:00Z,FINISHED,58,Aston Villa FC,563,West Ham United FC,2,0,1,0,HOME_TEAM,REGULAR,REGULAR_SEASON,Paul Tierney
538093,31,2026-03-22T14:15:00Z,FINISHED,73,Tottenham Hotspur FC,351,Nottingham Forest FC,0,3,0,1,AWAY_TEAM,REGULAR,REGULAR_SEASON,Michael Oliver
538104,32,2026-04-10T19:00:00Z,FINISHED,563,West Ham United FC,76,Wolverhampton Wanderers FC,4,0,1,0,HOME_TEAM,REGULAR,REGULAR_SEASON,Jarred Gillett
538097,32,2026-04-11T11:30:00Z,FINISHED,57,Arsenal FC,1044,AFC Bournemouth,1,2,1,1,AWAY_TEAM,REGULAR,REGULAR_SEASON,Michael Oliver
538098,32,2026-04-11T14:00:00Z,FINISHED,402,Brentford FC,62,Everton FC,2,2,1,1,DRAW,REGULAR,REGULAR_SEASON,Farai Hallam
538099,32,2026-04-11T14:00:00Z,FINISHED,328,Burnley FC,397,Brighton & Hove Albion FC,0,2,0,1,AWAY_TEAM,REGULAR,REGULAR_SEASON,Thomas Bramall
538101,32,2026-04-11T16:30:00Z,FINISHED,64,Liverpool FC,63,Fulham FC,2,0,2,0,HOME_TEAM,REGULAR,REGULAR_SEASON,Anthony Taylor
538095,32,2026-04-12T13:00:00Z,FINISHED,71,Sunderland AFC,73,Tottenham Hotspur FC,1,0,0,0,HOME_TEAM,REGULAR,REGULAR_SEASON,Robert Jones
538096,32,2026-04-12T13:00:00Z,FINISHED,354,Crystal Palace FC,67,Newcastle United FC,2,1,0,1,HOME_TEAM,REGULAR,REGULAR_SEASON,Andy Madley
538103,32,2026-04-12T13:00:00Z,FINISHED,351,Nottingham Forest FC,58,Aston Villa FC,1,1,1,1,DRAW,REGULAR,REGULAR_SEASON,Michael Salisbury
538100,32,2026-04-12T15:30:00Z,FINISHED,61,Chelsea FC,65,Manchester City FC,0,3,0,0,AWAY_TEAM,REGULAR,REGULAR_SEASON,Chris Kavanagh
538102,32,2026-04-13T19:00:00Z,FINISHED,66,Manchester United FC,341,Leeds United FC,1,2,0,2,AWAY_TEAM,REGULAR,REGULAR_SEASON,Paul Tierney
538107,33,2026-04-18T11:30:00Z,FINISHED,402,Brentford FC,63,Fulham FC,0,0,0,0,DRAW,REGULAR,REGULAR_SEASON,Peter Bankes
538112,33,2026-04-18T14:00:00Z,FINISHED,67,Newcastle United FC,1044,AFC Bournemouth,1,2,0,1,AWAY_TEAM,REGULAR,REGULAR_SEASON,Thomas Bramall
538110,33,2026-04-18T14:00:00Z,FINISHED,341,Leeds United FC,76,Wolverhampton Wanderers FC,3,0,2,0,HOME_TEAM,REGULAR,REGULAR_SEASON,Tim Robinson
538114,33,2026-04-18T16:30:00Z,FINISHED,73,Tottenham Hotspur FC,397,Brighton & Hove Albion FC,2,2,1,1,DRAW,REGULAR,REGULAR_SEASON,Stuart Attwell
538108,33,2026-04-18T19:00:00Z,FINISHED,61,Chelsea FC,66,Manchester United FC,0,1,0,1,AWAY_TEAM,REGULAR,REGULAR_SEASON,Michael Oliver
538113,33,2026-04-19T13:00:00Z,FINISHED,351,Nottingham Forest FC,328,Burnley FC,4,1,0,1,HOME_TEAM,REGULAR,REGULAR_SEASON,Thomas Kirk
538105,33,2026-04-19T13:00:00Z,FINISHED,58,Aston Villa FC,71,Sunderland AFC,4,3,2,1,HOME_TEAM,REGULAR,REGULAR_SEASON,Sam Barrott
538109,33,2026-04-19T13:00:00Z,FINISHED,62,Everton FC,64,Liverpool FC,1,2,0,1,AWAY_TEAM,REGULAR,REGULAR_SEASON,Chris Kavanagh
538111,33,2026-04-19T15:30:00Z,FINISHED,65,Manchester City FC,57,Arsenal FC,2,1,1,1,HOME_TEAM,REGULAR,REGULAR_SEASON,Anthony Taylor
538106,33,2026-04-20T19:00:00Z,FINISHED,354,Crystal Palace FC,563,West Ham United FC,0,0,0,0,DRAW,REGULAR,REGULAR_SEASON,Darren England
538117,34,2026-04-21T19:00:00Z,FINISHED,397,Brighton & Hove Albion FC,61,Chelsea FC,3,0,1,0,HOME_TEAM,REGULAR,REGULAR_SEASON,Craig Pawson
538115,34,2026-04-22T19:00:00Z,FINISHED,1044,AFC Bournemouth,341,Leeds United FC,2,2,0,0,DRAW,REGULAR,REGULAR_SEASON,Michael Salisbury
538119,34,2026-04-22T19:00:00Z,FINISHED,328,Burnley FC,65,Manchester City FC,0,1,0,1,AWAY_TEAM,REGULAR,REGULAR_SEASON,Andy Madley
538116,34,2026-04-24T19:00:00Z,FINISHED,71,Sunderland AFC,351,Nottingham Forest FC,0,5,0,4,AWAY_TEAM,REGULAR,REGULAR_SEASON,Darren England
538120,34,2026-04-25T11:30:00Z,FINISHED,63,Fulham FC,58,Aston Villa FC,1,0,1,0,HOME_TEAM,REGULAR,REGULAR_SEASON,Michael Oliver
538121,34,2026-04-25T14:00:00Z,FINISHED,64,Liverpool FC,354,Crystal Palace FC,3,1,2,0,HOME_TEAM,REGULAR,REGULAR_SEASON,Andy Madley
538123,34,2026-04-25T14:00:00Z,FINISHED,563,West Ham United FC,62,Everton FC,2,1,0,0,HOME_TEAM,REGULAR,REGULAR_SEASON,Stuart Attwell
538124,34,2026-04-25T14:00:00Z,FINISHED,76,Wolverhampton Wanderers FC,73,Tottenham Hotspur FC,0,1,0,0,AWAY_TEAM,REGULAR,REGULAR_SEASON,Anthony Taylor
538118,34,2026-04-25T16:30:00Z,FINISHED,57,Arsenal FC,67,Newcastle United FC,1,0,1,0,HOME_TEAM,REGULAR,REGULAR_SEASON,Sam Barrott
538122,34,2026-04-27T19:00:00Z,FINISHED,66,Manchester United FC,402,Brentford FC,2,1,2,0,HOME_TEAM,REGULAR,REGULAR_SEASON,Chris Kavanagh
538131,35,2026-05-01T19:00:00Z,FINISHED,341,Leeds United FC,328,Burnley FC,3,1,1,0,HOME_TEAM,REGULAR,REGULAR_SEASON,Thomas Bramall
538128,35,2026-05-02T14:00:00Z,FINISHED,402,Brentford FC,563,West Ham United FC,3,0,1,0,HOME_TEAM,REGULAR,REGULAR_SEASON,Craig Pawson
538133,35,2026-05-02T14:00:00Z,FINISHED,67,Newcastle United FC,397,Brighton & Hove Albion FC,3,1,2,0,HOME_TEAM,REGULAR,REGULAR_SEASON,Chris Kavanagh
538134,35,2026-05-02T14:00:00Z,FINISHED,76,Wolverhampton Wanderers FC,71,Sunderland AFC,1,1,0,1,DRAW,REGULAR,REGULAR_SEASON,Paul Tierney
538127,35,2026-05-02T16:30:00Z,FINISHED,57,Arsenal FC,63,Fulham FC,3,0,3,0,HOME_TEAM,REGULAR,REGULAR_SEASON,Jarred Gillett
538125,35,2026-05-03T13:00:00Z,FINISHED,1044,AFC Bournemouth,354,Crystal Palace FC,3,0,2,0,HOME_TEAM,REGULAR,REGULAR_SEASON,Robert Jones
538132,35,2026-05-03T14:30:00Z,FINISHED,66,Manchester United FC,64,Liverpool FC,3,2,2,0,HOME_TEAM,REGULAR,REGULAR_SEASON,Darren England
538126,35,2026-05-03T18:00:00Z,FINISHED,58,Aston Villa FC,73,Tottenham Hotspur FC,1,2,0,2,AWAY_TEAM,REGULAR,REGULAR_SEASON,Sam Barrott
538129,35,2026-05-04T14:00:00Z,FINISHED,61,Chelsea FC,351,Nottingham Forest FC,1,3,0,2,AWAY_TEAM,REGULAR,REGULAR_SEASON,Anthony Taylor
538130,35,2026-05-04T19:00:00Z,FINISHED,62,Everton FC,65,Manchester City FC,3,3,0,1,DRAW,REGULAR,REGULAR_SEASON,Michael Oliver
538140,36,2026-05-09T11:30:00Z,FINISHED,64,Liverpool FC,61,Chelsea FC,1,1,1,1,DRAW,REGULAR,REGULAR_SEASON,Craig Pawson
538135,36,2026-05-09T14:00:00Z,FINISHED,71,Sunderland AFC,66,Manchester United FC,0,0,0,0,DRAW,REGULAR,REGULAR_SEASON,Stuart Attwell
538136,36,2026-05-09T14:00:00Z,FINISHED,397,Brighton & Hove Albion FC,76,Wolverhampton Wanderers FC,3,0,2,0,HOME_TEAM,REGULAR,REGULAR_SEASON,John Brooks
538139,36,2026-05-09T14:00:00Z,FINISHED,63,Fulham FC,1044,AFC Bournemouth,0,1,0,0,AWAY_TEAM,REGULAR,REGULAR_SEASON,Andy Madley
538141,36,2026-05-09T16:30:00Z,FINISHED,65,Manchester City FC,402,Brentford FC,3,0,0,0,HOME_TEAM,REGULAR,REGULAR_SEASON,Michael Salisbury
538137,36,2026-05-10T13:00:00Z,FINISHED,354,Crystal Palace FC,62,Everton FC,2,2,1,1,DRAW,REGULAR,REGULAR_SEASON,Thomas Bramall
538138,36,2026-05-10T13:00:00Z,FINISHED,328,Burnley FC,58,Aston Villa FC,2,2,1,1,DRAW,REGULAR,REGULAR_SEASON,Anthony Taylor
538142,36,2026-05-10T13:00:00Z,FINISHED,351,Nottingham Forest FC,67,Newcastle United FC,1,1,0,0,DRAW,REGULAR,REGULAR_SEASON,Paul Tierney
538144,36,2026-05-10T15:30:00Z,FINISHED,563,West Ham United FC,57,Arsenal FC,1,1,0,0,DRAW,REGULAR,REGULAR_SEASON,Chris Kavanagh
538143,36,2026-05-11T19:00:00Z,TIMED,73,Tottenham Hotspur FC,341,Leeds United FC,,,,,,REGULAR,REGULAR_SEASON,Jarred Gillett
538091,31,2026-05-13T19:00:00Z,TIMED,65,Manchester City FC,354,Crystal Palace FC,,,,,,REGULAR,REGULAR_SEASON,Stuart Attwell
538146,37,2026-05-15T19:00:00Z,TIMED,58,Aston Villa FC,64,Liverpool FC,,,,,,REGULAR,REGULAR_SEASON,
538152,37,2026-05-17T11:30:00Z,TIMED,66,Manchester United FC,351,Nottingham Forest FC,,,,,,REGULAR,REGULAR_SEASON,
538148,37,2026-05-17T14:00:00Z,TIMED,402,Brentford FC,354,Crystal Palace FC,,,,,,REGULAR,REGULAR_SEASON,
538150,37,2026-05-17T14:00:00Z,TIMED,62,Everton FC,71,Sunderland AFC,,,,,,REGULAR,REGULAR_SEASON,
538151,37,2026-05-17T14:00:00Z,TIMED,341,Leeds United FC,397,Brighton & Hove Albion FC,,,,,,REGULAR,REGULAR_SEASON,
538154,37,2026-05-17T14:00:00Z,TIMED,76,Wolverhampton Wanderers FC,63,Fulham FC,,,,,,REGULAR,REGULAR_SEASON,
538153,37,2026-05-17T16:30:00Z,TIMED,67,Newcastle United FC,563,West Ham United FC,,,,,,REGULAR,REGULAR_SEASON,
538147,37,2026-05-18T19:00:00Z,TIMED,57,Arsenal FC,328,Burnley FC,,,,,,REGULAR,REGULAR_SEASON,
538145,37,2026-05-19T18:30:00Z,TIMED,1044,AFC Bournemouth,65,Manchester City FC,,,,,,REGULAR,REGULAR_SEASON,
538149,37,2026-05-19T19:15:00Z,TIMED,61,Chelsea FC,73,Tottenham Hotspur FC,,,,,,REGULAR,REGULAR_SEASON,
538155,38,2026-05-24T15:00:00Z,TIMED,71,Sunderland AFC,61,Chelsea FC,,,,,,REGULAR,REGULAR_SEASON,
538156,38,2026-05-24T15:00:00Z,TIMED,397,Brighton & Hove Albion FC,66,Manchester United FC,,,,,,REGULAR,REGULAR_SEASON,
538157,38,2026-05-24T15:00:00Z,TIMED,354,Crystal Palace FC,57,Arsenal FC,,,,,,REGULAR,REGULAR_SEASON,
538158,38,2026-05-24T15:00:00Z,TIMED,328,Burnley FC,76,Wolverhampton Wanderers FC,,,,,,REGULAR,REGULAR_SEASON,
538159,38,2026-05-24T15:00:00Z,TIMED,63,Fulham FC,67,Newcastle United FC,,,,,,REGULAR,REGULAR_SEASON,
538160,38,2026-05-24T15:00:00Z,TIMED,64,Liverpool FC,402,Brentford FC,,,,,,REGULAR,REGULAR_SEASON,
538161,38,2026-05-24T15:00:00Z,TIMED,65,Manchester City FC,58,Aston Villa FC,,,,,,REGULAR,REGULAR_SEASON,
538162,38,2026-05-24T15:00:00Z,TIMED,351,Nottingham Forest FC,1044,AFC Bournemouth,,,,,,REGULAR,REGULAR_SEASON,
538163,38,2026-05-24T15:00:00Z,TIMED,73,Tottenham Hotspur FC,62,Everton FC,,,,,,REGULAR,REGULAR_SEASON,
538164,38,2026-05-24T15:00:00Z,TIMED,563,West Ham United FC,341,Leeds United FC,,,,,,REGULAR,REGULAR_SEASON,
